关键词,搜索人气,搜索人数占比,点击率,商城点击占比,在线商品数,直通车参考价,支付转化率,商品人气比
牛仔裤女 九分裤 铅笔裤,"23,620",13.11%,156.99%,54.56%,"218,187",1.36,7.77%,9.24 
牛仔裤铅笔裤女 高腰 韩版小脚,"14,218",5.65%,161.83%,47.18%,"166,517",1.2,8.08%,11.71 
牛仔裤女高腰 铅笔裤,"13,104",4.94%,144.34%,57.09%,"297,194",2.03,7.33%,22.68 
小脚牛仔裤女 铅笔裤,"11,352",3.90%,149.12%,59.18%,"470,818",2.34,7.85%,41.47 
牛仔裤女铅笔裤,"9,661",3.00%,161.61%,62.58%,"567,591",1.48,8.46%,58.75 
九分牛仔裤女 铅笔裤 紧身小脚,"9,126",2.74%,165.07%,41.11%,"52,280",1.19,7.46%,5.73 
牛仔裤女高腰 铅笔裤 韩版显瘦,"8,826",2.59%,158.45%,50.74%,"121,302",1.39,7.40%,13.74 
高腰牛仔裤女 九分裤 铅笔裤,"8,614",2.49%,161.76%,52.28%,"144,119",1.57,6.73%,16.73 
九分牛仔裤女 铅笔裤,"7,993",2.21%,138.45%,61.54%,"218,188",1.36,7.02%,27.30 
牛仔裤铅笔裤女,"7,560",2.02%,184.83%,52.43%,"567,591",1.48,7.91%,75.08 
牛仔裤女 九分裤 铅笔裤 小脚,"6,727",1.67%,135.59%,33.11%,"186,945",1.35,3.65%,27.79 
破洞牛仔裤女 九分裤 铅笔裤,"6,550",1.60%,152.85%,38.19%,"69,907",0.95,6.49%,10.67 
牛仔裤女高腰 铅笔裤 韩版破洞,"5,408",1.18%,133.65%,36.18%,"35,537",1.28,5.85%,6.57 
白色牛仔裤女 铅笔裤,"5,215",1.11%,121.52%,52.01%,"23,329",2.08,9.20%,4.47 
八分牛仔裤女 铅笔裤 紧身小脚,"4,647",0.93%,136.14%,46.20%,542,2.13,5.04%,0.12 
高腰牛仔裤女九分小脚铅笔裤,"4,574",0.91%,150.64%,93.48%,"127,374",1.31,8.57%,27.85 
小腿牛仔裤女 铅笔裤 紧身 九分,"4,540",0.89%,84.25%,21.90%,582,1.71,2.90%,0.13 
高腰牛仔裤女长裤小脚铅笔裤,"4,327",0.83%,148.42%,94.14%,"147,206",1.44,9.64%,34.02 
牛仔裤女秋季 小脚 铅笔裤 学生,"4,289",0.82%,144.51%,39.79%,"25,415",1.42,6.30%,5.93 
铅笔裤女牛仔裤,"4,130",0.77%,158.70%,55.06%,"567,591",1.48,7.20%,137.43 
九分牛仔裤女 铅笔裤 紧身破洞,"3,890",0.70%,143.34%,30.67%,"17,083",1.09,7.75%,4.39 
高腰牛仔裤女长裤子小脚铅笔裤,"3,813",0.68%,132.53%,65.30%,"49,262",2.55,7.69%,12.92 
牛仔裤铅笔裤女 学生 韩版九分,"3,478",0.59%,156.36%,35.92%,"39,385",1.59,5.02%,11.32 
铅笔裤牛仔裤女,"3,377",0.56%,183.31%,52.41%,"567,591",1.48,7.75%,168.08 
牛仔裤女 九分裤 铅笔裤 高腰,"3,291",0.54%,150.39%,49.58%,"144,119",1.57,8.37%,43.79 
黑色牛仔裤女 铅笔裤,"3,099",0.49%,131.33%,71.81%,"191,536",2.22,18.87%,61.81 
牛仔裤女 小脚裤九分 铅笔裤,"3,012",0.47%,193.36%,47.50%,"186,945",1.35,7.57%,62.07 
七分牛仔裤女 铅笔裤 紧身小脚,"2,768",0.41%,96.91%,40.78%,780,0,3.65%,0.28 
女牛仔裤 铅笔裤,"2,738",0.41%,121.34%,67.25%,"567,568",1.48,7.88%,207.29 
牛仔裤女铅笔裤长裤,"2,686",0.40%,181.31%,60.85%,"306,507",1.78,8.82%,114.11 
牛仔裤浅蓝色女小脚显瘦铅笔裤,"2,598",0.38%,167.25%,22.48%,"23,457",0,5.65%,9.03 
牛仔裤女长裤秋季裤子女2017新款韩版学生弹力修身黑色小脚铅笔裤,"2,594",0.37%,697.17%,0.06%,77,-,0.14%,0.03 
高腰牛仔裤女长裤铅笔裤,"2,550",0.36%,195.72%,3.41%,"162,832",1.41,0.59%,63.86 
牛仔裤 女 铅笔裤,"2,502",0.35%,153.94%,74.49%,"567,591",1.48,7.67%,226.85 
松紧腰弹力牛仔裤女春秋2017新款修身型韩版显瘦长裤小脚铅笔裤潮,"2,417",0.34%,60.86%,0.32%,1,-,97.72%,0.00 
牛仔裤女 铅笔裤 小脚裤女,"2,403",0.33%,125.83%,69.46%,"470,818",1.74,6.68%,195.93 
裤子女夏 铅笔裤 九分裤牛仔裤,"2,359",0.32%,134.16%,47.78%,"16,038",0.14,5.90%,6.80 
高腰加绒黑色牛仔裤女长裤修身学生铅笔裤春秋2017新款秋韩版显瘦,"2,338",0.32%,145.51%,90.31%,1,0.57,75.13%,0.00 
七分牛仔裤女 铅笔裤,"2,316",0.31%,114.08%,51.12%,"6,446",1.27,6.12%,2.78 
牛仔裤女 九分裤 铅笔裤 显瘦,"2,301",0.31%,150.31%,55.84%,"144,467",2.11,8.94%,62.78 
牛仔裤女 九分裤 铅笔裤高腰,"2,299",0.31%,142.38%,64.09%,"144,119",1.3,6.81%,62.69 
牛仔裤女 长裤 铅笔裤,"2,281",0.31%,133.70%,75.39%,"306,507",1.58,9.64%,134.37 
牛仔裤女 铅笔裤 弹力 修身显瘦,"2,237",0.30%,133.32%,49.29%,"92,613",0.75,5.63%,41.40 
牛仔裤女 九分裤 铅笔裤 百搭,"2,184",0.29%,101.58%,50.47%,"35,865",1.12,6.27%,16.42 
牛仔裤女秋季2017新款高腰长裤紧身韩版显瘦小脚裤铅笔裤女裤裤子,"2,164",0.28%,96.73%,66.24%,510,0,23.32%,0.24 
牛仔裤高腰女 铅笔裤,"2,156",0.28%,165.48%,57.98%,"297,207",2.03,9.28%,137.85 
牛仔裤女铅笔裤 韩版显瘦 紧身,"2,126",0.28%,150.73%,45.05%,"45,004",0.7,8.08%,21.17 
加绒加厚牛仔裤女高腰 铅笔裤,"2,118",0.27%,114.92%,52.59%,"12,740",3.54,6.61%,6.02 
牛仔裤女 九分裤 铅笔裤 修身,"2,100",0.27%,137.50%,52.78%,"89,076",1.4,6.08%,42.42 
超低腰裤女 露臀牛仔裤女修身经典款小脚裤 紧身低腰露脐铅笔裤,"2,100",0.27%,390.19%,0.62%,4,-,0.00%,0.00 
高腰牛仔裤女长裤2017秋季新款韩版修身显瘦弹力大码小脚铅笔裤潮,"2,069",0.27%,83.53%,12.98%,164,0,19.28%,0.08 
牛仔裤女 铅笔裤 修身显瘦,"2,038",0.26%,150.18%,63.39%,"168,413",1.8,7.57%,82.64 
牛仔裤女高腰 铅笔裤 修身显瘦,"2,017",0.26%,143.54%,48.11%,"95,940",0,6.35%,47.57 
秋季牛仔裤女小脚裤 铅笔裤,"2,017",0.26%,157.12%,50.17%,"114,591",1.32,6.49%,56.81 
牛仔裤女 铅笔裤 九分裤,"1,955",0.24%,155.43%,50.72%,"218,187",1.36,6.19%,111.60 
黑色牛仔裤女九分裤高腰小脚铅笔裤,"1,950",0.24%,98.25%,43.57%,"58,482",0,87.36%,29.99 
松紧腰牛仔裤女 铅笔裤,"1,947",0.24%,125.56%,50.87%,"20,797",1.54,9.26%,10.68 
女牛仔裤铅笔裤,"1,901",0.23%,143.18%,62.55%,"567,568",1.48,11.02%,298.56 
高腰破洞牛仔裤女九分裤秋装新款韩版chic风紧身小脚裤弹力铅笔裤,"1,879",0.23%,155.21%,53.55%,104,1,16.83%,0.06 
牛仔裤女 九分裤 铅笔裤 紧身,"1,876",0.23%,118.63%,55.00%,"56,666",0,6.88%,30.21 
牛仔裤铅笔裤女 学生 韩版紧身,"1,874",0.23%,142.78%,31.80%,"20,728",0,7.57%,11.06 
秋季新款牛仔裤女长裤铅笔裤,"1,868",0.23%,121.72%,65.01%,"52,265",1.2,5.23%,27.98 
牛仔裤女秋2017新款 小脚铅笔裤,"1,865",0.23%,155.39%,67.37%,"118,452",0.3,3.30%,63.51 
牛仔裤铅笔裤女 学生 韩版破洞,"1,849",0.22%,134.95%,40.46%,"16,580",0.33,2.68%,8.97 
牛仔裤 铅笔裤 女,"1,821",0.22%,198.77%,54.15%,"567,591",1.48,7.10%,311.69 
牛仔裤女 铅笔裤 弹力,"1,821",0.22%,119.48%,56.68%,"265,461",2.41,7.58%,145.78 
牛仔裤女 铅笔裤 高腰,"1,807",0.22%,164.30%,56.13%,"297,207",2.03,11.24%,164.48 
毛边高腰牛仔裤女显瘦铅笔裤,"1,790",0.21%,134.39%,78.14%,"15,072",0,92.84%,8.42 
黑色牛仔裤女夏2017新款韩版秋装长裤显瘦女裤子九分小脚裤铅笔裤,"1,756",0.21%,128.10%,51.51%,282,0,12.07%,0.16 
牛仔裤九分裤女 铅笔裤,"1,724",0.20%,169.81%,43.50%,"218,188",1.29,6.69%,126.56 
牛仔裤女铅笔裤 学生 韩版高腰,"1,721",0.20%,128.89%,38.34%,"54,764",0,6.55%,31.82 
破洞牛仔裤女 铅笔裤,"1,721",0.20%,131.84%,47.88%,"118,200",0.98,4.98%,68.68 
高腰牛仔裤女 铅笔裤,"1,663",0.19%,163.12%,77.75%,"297,207",2.03,9.20%,178.72 
牛仔裤女 九分裤 铅笔裤 韩国,"1,648",0.19%,101.17%,18.87%,"8,574",0,3.39%,5.20 
高腰牛仔裤女17秋冬新款韩版显瘦学生小脚裤黑色铅笔裤长裤九分裤,"1,621",0.18%,87.70%,49.43%,74,0,22.36%,0.05 
春秋装新款韩版毛边黑色高腰牛仔裤女修身九分裤不规则小脚铅笔裤,"1,600",0.18%,137.04%,8.07%,10,-,13.82%,0.01 
大码铅笔裤 紧身牛仔裤女春秋长裤,"1,555",0.17%,232.26%,0.00%,"1,262",-,0.00%,0.81 
秋装韩版复古不规则破洞九分裤高腰显瘦小脚裤毛边牛仔裤铅笔裤女,"1,543",0.17%,129.79%,3.24%,250,-,13.30%,0.16 
牛仔裤女破洞小脚铅笔裤潮女,"1,527",0.17%,109.24%,6.66%,558,0.92,1.81%,0.37 
秋装牛仔裤女中腰长裤铅笔裤,"1,527",0.17%,104.52%,73.07%,"16,445",1.34,7.08%,10.77 
黑色牛仔裤女铅笔裤,"1,512",0.17%,149.55%,66.19%,"191,536",2.22,34.94%,126.68 
牛仔裤小脚裤女 铅笔裤,"1,512",0.17%,160.31%,61.19%,"470,818",1.96,4.98%,311.39 
牛仔裤女 九分裤 铅笔裤黑色,"1,481",0.16%,140.05%,57.08%,"86,106",0.97,7.47%,58.14 
牛仔裤女九分裤铅笔裤,"1,465",0.16%,144.82%,83.32%,"218,188",1.26,34.34%,148.93 
小脚牛仔裤女 铅笔裤 修身显瘦,"1,465",0.16%,132.05%,60.74%,"149,227",0,4.10%,101.86 
弹力小脚裤紧身铅笔裤长裤黑色裤子女裤仿牛仔裤打底裤女外穿秋季,"1,458",0.16%,111.91%,61.74%,192,0,19.72%,0.13 
白色牛仔裤女 小脚铅笔裤女,"1,455",0.16%,125.65%,53.59%,"20,565",2.61,8.68%,14.13 
黑色牛仔裤女九分裤小脚铅笔裤高腰,"1,449",0.16%,65.45%,97.08%,"58,483",0,90.00%,40.36 
牛仔裤女 铅笔裤 长裤,"1,446",0.16%,187.03%,59.13%,"306,507",1.58,8.06%,211.97 
白色牛仔裤女 铅笔裤 高腰长裤,"1,433",0.15%,118.06%,46.79%,"6,117",2.56,9.31%,4.27 
牛仔裤女2017新款韩版秋装九分裤高腰显瘦黑色铅笔裤小脚裤子,"1,430",0.15%,102.93%,93.22%,562,-,86.69%,0.39 
牛仔裤女高腰 铅笔裤 春秋,"1,423",0.15%,120.58%,60.48%,"31,073",2.23,7.98%,21.84 
黑色小脚裤高腰牛仔裤女显瘦铅笔裤,"1,394",0.15%,124.17%,81.50%,"80,376",-,86.36%,57.66 
2017实拍高腰弹力牛仔裤女小脚长裤铅笔裤女,"1,391",0.15%,92.35%,0.36%,236,-,1.49%,0.17 
chicven自制 复古高腰修身显瘦九分铅笔裤 小脚牛仔裤小黑裤女 秋,"1,378",0.14%,162.44%,3.62%,11,-,17.24%,0.01 
秋装韩版高腰chic牛仔裤女紧身ulzzang九分裤学生八分小脚铅笔裤,"1,368",0.14%,125.07%,34.57%,66,0.3,13.94%,0.05 
小脚牛仔裤女 铅笔裤 中腰,"1,362",0.14%,102.37%,64.67%,"104,404",1.71,15.91%,76.65 
牛仔裤女春夏九分裤2017新款韩版女裤子显瘦秋装小脚裤长裤铅笔裤,"1,358",0.14%,93.08%,66.28%,524,-,21.51%,0.39 
深蓝色牛仔裤女 铅笔裤,"1,355",0.14%,159.69%,57.08%,"73,589",1.1,7.14%,54.31 
小脚铅笔裤牛仔裤女,"1,329",0.14%,168.33%,51.93%,"470,818",2.34,4.64%,354.26 
牛仔裤铅笔裤女 高腰,"1,325",0.14%,137.05%,51.60%,"297,207",2.03,5.08%,224.31 
破洞牛仔裤女铅笔裤,"1,319",0.14%,164.64%,39.39%,"118,200",0.98,7.77%,89.61 
高腰牛仔裤女九分小脚铅笔裤 黑色,"1,315",0.13%,148.03%,98.77%,"58,482",-,7.53%,44.47 
牛仔裤女 九分裤铅笔裤,"1,308",0.13%,167.64%,51.09%,"218,188",1.36,6.97%,166.81 
小脚牛仔裤女 铅笔裤 弹力 百搭,"1,264",0.13%,109.31%,56.61%,"30,761",0,2.22%,24.34 
钱夫人chinstudio韩版高腰黑色牛仔裤女百搭学生铅笔裤显瘦小脚裤,"1,254",0.13%,153.70%,0.74%,49,-,9.95%,0.04 
杨幂同款裤子牛仔裤女韩版显瘦高腰小脚铅笔裤,"1,254",0.13%,126.74%,0.29%,28,-,5.88%,0.02 
小番茄定制 秋季chic牛仔裤女小脚九分裤韩版弹力修身显瘦铅笔裤,"1,247",0.12%,210.98%,1.70%,87,0.66,12.04%,0.07 
牛仔裤女加绒长裤2017秋冬新款韩版铅笔裤,"1,247",0.12%,128.14%,1.42%,"1,001",0,0.42%,0.80 
牛仔裤女 铅笔裤 破洞,"1,216",0.12%,106.47%,38.50%,"118,200",0.98,2.78%,97.20 
牛仔裤女高腰铅笔裤,"1,212",0.12%,162.58%,54.09%,"297,207",2.03,22.41%,245.22 
显瘦小脚长裤子铅笔裤破洞牛仔裤女九分裤夏季韩版潮2017秋装新款,"1,209",0.12%,73.79%,52.64%,73,-,23.81%,0.06 
牛仔裤女 铅笔裤 春秋,"1,209",0.12%,111.56%,54.95%,"80,035",1.79,5.19%,66.20 
牛仔裤女夏2017新款 韩版 铅笔裤,"1,205",0.12%,138.50%,65.72%,"23,283",0,4.67%,19.32 
牛仔裤女 铅笔裤 显瘦,"1,198",0.12%,137.61%,63.98%,"333,556",2.41,5.30%,278.43 
秋装高腰牛仔裤女春夏季2017新款九分裤紧身小脚裤韩版显瘦铅笔裤,"1,184",0.12%,92.21%,26.33%,74,-,20.59%,0.06 
秋季女士高腰加绒牛仔裤女小脚弹力铅笔裤大码黑修身打底显瘦长裤,"1,184",0.12%,102.05%,81.14%,0,-,60.77%,0.00 
弹力小脚裤紧身铅笔裤长裤黑色裤子夏女裤仿牛仔裤打底裤女外穿秋,"1,166",0.11%,94.29%,47.52%,179,0,20.14%,0.15 
2017新款时尚街拍潮流破洞抓痕毛边牛仔裤女修身显瘦铅笔裤长裤子,"1,163",0.11%,177.13%,1.61%,35,-,13.37%,0.03 
牛仔裤女长裤 铅笔裤,"1,163",0.11%,132.98%,69.76%,"306,507",1.58,5.30%,263.55 
特价 韩版弹力修身显瘦小脚高腰牛仔裤女秋铅笔裤2017新款九分裤,"1,156",0.11%,142.06%,10.06%,33,-,20.00%,0.03 
牛仔裤女九分裤 铅笔裤,"1,152",0.11%,164.22%,63.52%,"218,188",1.28,8.05%,189.40 
高腰牛仔裤女铅笔裤,"1,152",0.11%,183.22%,74.22%,"297,207",2.03,36.47%,257.99 
韩版高腰膝盖破洞牛仔裤女紧身九分裤显瘦小脚裤毛边撕边铅笔裤潮,"1,148",0.11%,117.51%,4.86%,26,-,11.54%,0.02 
牛仔裤女 九分裤 铅笔裤 弹力,"1,145",0.11%,142.09%,61.31%,"104,140",0,6.67%,90.95 
牛仔裤女 铅笔裤 紧身,"1,138",0.11%,122.18%,69.50%,"115,797",1.25,7.26%,101.75 
牛仔裤女长裤铅笔裤,"1,134",0.11%,145.23%,68.53%,"306,507",1.58,23.60%,270.29 
牛仔裤女铅笔裤 九分裤,"1,112",0.11%,176.39%,61.81%,"218,188",1.36,4.12%,196.21 
牛仔裤女破洞韩版 小脚铅笔裤,"1,112",0.11%,141.86%,97.76%,"52,626",0,6.45%,47.33 
牛仔裤女秋高腰小脚铅笔裤,"1,097",0.10%,144.91%,50.03%,"156,138",0,6.02%,142.33 
牛仔裤女 九分裤 铅笔裤 修身显瘦,"1,097",0.10%,125.14%,65.59%,"63,172",-,5.74%,57.59 
牛仔裤女 铅笔裤小脚,"1,094",0.10%,128.55%,66.54%,"470,818",2.34,9.16%,430.36 
牛仔裤女高腰 铅笔裤韩国 复古,"1,086",0.10%,134.80%,9.07%,800,-,1.14%,0.74 
渐变色牛仔裤女弹力小脚铅笔裤,"1,068",0.10%,130.37%,34.64%,"1,336",-,2.88%,1.25 
小脚裤牛仔裤女 铅笔裤 深色,"1,056",0.10%,152.70%,61.08%,"50,943",1.17,3.60%,48.24 
牛仔裤女高腰 铅笔裤 紧身,"1,056",0.10%,116.77%,43.86%,"73,708",2.83,4.26%,69.80 
浅色牛仔裤女 铅笔裤,"1,053",0.10%,127.03%,40.98%,"9,612",0.88,6.45%,9.13 
牛仔裤女铅笔裤 高腰,"1,053",0.10%,151.54%,70.50%,"297,207",2.03,6.08%,282.25 
牛仔裤女宽松 学生 韩版 铅笔裤,"1,041",0.10%,124.61%,47.08%,"2,521",-,5.31%,2.42 
牛仔裤女夏季2017秋装新款九分裤显瘦毛边chic紧身高腰9分铅笔裤,"1,037",0.10%,101.98%,66.82%,46,-,16.38%,0.04 
加绒加厚牛仔裤女冬高腰保暖长裤修身显瘦铅笔裤收腹大码小脚裤潮,"1,037",0.10%,85.13%,26.60%,86,-,11.72%,0.08 
小脚牛仔裤女 铅笔裤 高腰,"1,030",0.09%,125.24%,65.12%,"259,076",1.76,9.89%,251.53 
韩版2017秋冬高腰加绒牛仔裤女长裤显瘦加厚学生小脚铅笔裤九分裤,"1,026",0.09%,144.79%,99.39%,1,-,93.82%,0.00 
牛仔裤女高腰 铅笔裤 修身,"1,014",0.09%,119.08%,51.34%,"127,885",1.1,7.95%,126.12 
牛仔裤白色女 铅笔裤,"1,011",0.09%,123.25%,42.16%,"23,329",1.94,17.50%,23.08 
中腰牛仔裤女九分小脚铅笔裤,"1,003",0.09%,127.02%,99.06%,"36,728",-,8.47%,36.62 
牛仔裤女 九分裤 铅笔裤学生,995,0.09%,114.57%,45.32%,"55,749",0.63,6.33%,56.03 
长裤高腰牛仔裤女休闲铅笔裤,983,0.09%,88.70%,34.39%,"7,264",0.56,1.35%,7.39 
夏季韩版chic风高弹绑带牛仔裤九分裤女开叉抽绳修身小脚铅笔裤潮,972,0.09%,105.24%,0.27%,84,0,5.61%,0.09 
港味修身弹力毛边牛仔长裤烟灰色高腰显瘦女黑色牛仔裤小脚铅笔裤,972,0.09%,108.43%,20.19%,12,-,23.85%,0.01 
黑色牛仔裤女高腰九分裤小脚铅笔裤,960,0.09%,74.31%,96.87%,"58,482",-,87.97%,60.92 
高腰显瘦黑色裤子牛仔裤女夏紧身小脚铅笔裤春秋2017新款韩版长裤,960,0.09%,84.36%,67.85%,31,-,17.24%,0.03 
高腰显瘦修身牛仔裤女 小脚长裤子铅笔裤,956,0.08%,300.60%,0.00%,"14,864",-,0.00%,15.55 
黑色加绒牛仔裤女紧身铅笔裤,948,0.08%,92.63%,91.74%,"1,801",0,20.38%,1.90 
牛仔裤女 九分裤 铅笔裤 破洞,948,0.08%,135.96%,43.35%,"69,907",0.95,4.00%,73.74 
2017加绒牛仔裤女小脚高腰冬季保暖加厚铅笔裤修身显瘦弹力长裤子,948,0.08%,105.12%,9.82%,4,-,13.07%,0.00 
小脚牛仔裤女 小脚牛仔裤女 铅笔裤,944,0.08%,302.44%,0.00%,"470,796",-,0.00%,498.72 
牛仔裤女 九分裤 铅笔裤 夏季,928,0.08%,103.16%,59.82%,"28,370",0,3.90%,30.57 
夏季高腰破洞牛仔裤女九分裤秋装新款chic风紧身小脚裤弹力铅笔裤,924,0.08%,98.22%,37.07%,50,-,15.46%,0.05 
秋冬烟灰色加绒牛仔裤女小脚裤加厚保暖铅笔裤九分裤,924,0.08%,94.81%,96.56%,3,-,92.11%,0.00 
牛仔裤女 铅笔裤 小脚,903,0.08%,123.71%,54.38%,"470,818",1.87,6.06%,521.39 
秋季牛仔裤女休闲铅笔裤长裤,891,0.08%,81.47%,63.56%,"4,129",-,5.63%,4.63 
牛仔裤女长裤子 小脚铅笔裤,887,0.08%,248.67%,0.00%,"92,400",-,0.00%,104.17 
牛仔裤女长裤子铅笔裤,883,0.08%,243.67%,3.38%,"105,351",-,0.00%,119.31 
小腿牛仔裤女 铅笔裤 紧身,870,0.07%,103.01%,27.60%,636,-,2.67%,0.73 
子晴 2017秋装新款chic牛仔裤女高腰韩版长裤做旧洗水显瘦铅笔裤,866,0.07%,153.22%,0.12%,5,-,10.92%,0.01 
小番茄定制破洞牛仔裤女2017新款秋季九分铅笔裤修身显瘦小黑裤潮,866,0.07%,221.04%,0.41%,279,0.66,13.64%,0.32 
黑色牛仔裤铅笔裤女,858,0.07%,147.59%,55.22%,"191,537",2.22,4.50%,223.24 
牛仔裤女 铅笔裤 学生,858,0.07%,148.48%,41.60%,"113,689",2.02,1.32%,132.50 
牛仔裤女高腰 铅笔裤 薄款 百搭,858,0.07%,109.83%,39.11%,"1,969",-,1.67%,2.29 
系绳破洞牛仔裤女九分裤修身小脚2017秋装新女韩版毛边紧身铅笔裤,854,0.07%,93.02%,12.91%,8,-,12.05%,0.01 
chic复古高腰牛仔裤女九分裤ulzzang学生韩版弹力紧身显瘦铅笔裤,845,0.07%,90.69%,2.26%,2,-,86.79%,0.00 
高腰牛仔裤女小脚铅笔裤,837,0.07%,44.49%,29.74%,"259,076",1.75,4.92%,309.53 
bf风裤子女黑色韩版潮宽松百搭高腰破洞牛仔裤小脚铅笔裤学生长裤,837,0.07%,139.64%,0.49%,21,-,24.75%,0.03 
黑色牛仔裤女高腰小脚铅笔裤,837,0.07%,158.17%,62.37%,"114,882",0,51.33%,137.25 
2017新款韩版高腰大码牛仔裤女弹力修身长裤小脚黑色铅笔裤,837,0.07%,196.37%,0.26%,215,-,2.90%,0.26 
小脚牛仔裤女 铅笔裤 弹力,824,0.07%,154.15%,67.71%,"233,462",1.44,8.54%,283.33 
2017秋季新款高腰牛仔裤女夏长裤子小脚裤学生刺绣百搭紧身铅笔裤,824,0.07%,91.03%,76.52%,44,-,17.02%,0.05 
牛仔裤女加绒小脚长裤2017秋冬新款韩版铅笔裤,820,0.07%,117.88%,0.56%,866,-,1.50%,1.06 
牛仔裤女 铅笔裤 气质淑女,811,0.07%,60.48%,21.78%,520,-,4.41%,0.64 
高腰牛仔裤女九分裤春夏季2017新款韩版秋装铅笔裤黑色小脚长裤子,807,0.07%,128.98%,36.15%,197,-,11.11%,0.24 
高腰牛仔裤女长裤2017秋季韩版大码修身铅笔裤紧身弹力小脚裤女,798,0.07%,92.80%,75.86%,35,-,13.43%,0.04 
牛仔裤女 铅笔裤 百搭,794,0.07%,114.71%,70.74%,"91,470",1.38,1.32%,115.20 
牛仔裤女小脚裤 铅笔裤,789,0.06%,166.67%,50.22%,"470,818",1.96,8.97%,596.73 
牛仔裤女 铅笔裤 中腰,789,0.06%,130.32%,66.17%,"130,487",1.7,10.26%,165.38 
高腰九分加绒牛仔裤女长裤小脚铅笔裤春秋季2017新款韩版显瘦百搭,789,0.06%,354.34%,99.61%,2,0,11.29%,0.00 
牛仔裤女春秋2017新款 韩版 显瘦 九分裤 小脚 个性 铅笔裤,767,0.06%,185.90%,10.57%,17,-,10.00%,0.02 
高腰牛仔裤女长裤子秋季张大奕2017新款显瘦学生小脚长裤铅笔裤潮,767,0.06%,82.09%,0.33%,28,-,2.63%,0.04 
牛仔裤女秋装小脚裤高腰弹力铅笔裤毛边九分裤子,763,0.06%,103.98%,70.11%,6,-,90.83%,0.01 
九分牛仔裤女 铅笔裤 高腰,758,0.06%,133.94%,51.37%,"144,119",1.1,10.13%,190.13 
黑色牛仔裤女小脚铅笔裤,754,0.06%,101.82%,62.41%,"166,719",2.61,15.48%,221.11 
@小旋风本人6868:超低腰裤女 露臀牛仔裤女修身经典款小脚裤 紧身低腰露脐铅笔裤,754,0.06%,22.17%,22.45%,0,-,0.00%,0.00 
牛仔裤女高腰 铅笔裤 松紧腰,754,0.06%,115.73%,42.72%,"11,692",1.44,10.23%,15.51 
高腰牛仔裤女 长裤 铅笔裤,749,0.06%,140.26%,76.36%,"162,832",1.82,7.14%,217.40 
黑色小脚裤高腰牛仔裤女显瘦铅笔裤百搭,749,0.06%,128.00%,69.11%,"23,217",-,86.36%,31.00 
秋季新款牛仔裤女高腰小脚裤百搭修身九分裤显瘦铅笔裤学生chic款,745,0.06%,140.73%,0.52%,5,-,16.22%,0.01 
秋季女士高腰加绒牛仔裤女小脚弹力铅笔裤,745,0.06%,111.43%,83.96%,41,-,58.49%,0.06 
2017新款韩版牛仔裤女长裤小脚裤春季破洞弹力裤子女铅笔裤黑色潮,740,0.06%,79.75%,36.90%,87,-,7.81%,0.12 
高腰牛仔裤女2017新款秋装女裤韩版百搭直筒小脚长裤铅笔裤,740,0.06%,95.83%,99.71%,3,-,95.35%,0.00 
加绒加厚牛仔裤女2017新款高腰学生铅笔裤女,731,0.06%,66.43%,83.45%,212,-,83.17%,0.29 
高腰牛仔裤女2017新款秋装女裤韩版显瘦百搭直筒小脚长裤铅笔裤,727,0.06%,82.91%,98.28%,3,-,93.16%,0.00 
排扣收腹修身显瘦牛仔裤女小脚铅笔裤,722,0.06%,301.79%,0.00%,493,-,0.00%,0.68 
破洞牛仔裤女小脚铅笔裤,718,0.06%,107.60%,15.43%,"97,036",0.76,52.75%,135.15 
黑色牛仔裤女九分裤高腰紧身小脚铅笔裤,713,0.06%,135.16%,83.53%,"19,116",-,91.18%,26.81 
低腰牛仔裤女紧身铅笔裤长裤,699,0.05%,121.44%,16.05%,"1,632",-,3.08%,2.33 
chic秋季新款黑色牛仔裤女九分裤韩版紧身高腰显瘦小脚铅笔裤长裤,690,0.05%,133.19%,6.67%,8,-,91.18%,0.01 
牛仔裤女高腰 铅笔裤 韩版,690,0.05%,85.04%,58.80%,"166,114",1.28,15.00%,240.74 
牛仔裤女小脚铅笔裤,685,0.05%,155.18%,80.81%,"470,818",2.34,11.54%,687.33 
高腰牛仔裤女 九分裤秋季2017新款韩版显瘦学生小脚长裤铅笔裤潮,681,0.05%,41.61%,82.46%,118,-,8.33%,0.17 
加绒加厚牛仔裤女2017秋冬季新款弹力九分铅笔裤女学生小脚保暖裤,681,0.05%,174.86%,6.15%,2,-,79.17%,0.00 
2017新款秋季高腰黑色牛仔裤女韩版时尚小脚长裤显瘦铅笔裤学生潮,666,0.05%,180.87%,99.70%,4,-,66.32%,0.01 
春秋韩国显瘦紧身烟灰色膝盖破洞牛仔裤女铅笔裤做旧小脚裤九分裤,666,0.05%,150.96%,1.97%,48,-,13.75%,0.07 
牛仔裤女 铅笔裤 修身,666,0.05%,107.59%,51.84%,"249,735",1.12,5.08%,374.98 
牛仔裤 九分裤女 铅笔裤,662,0.05%,117.39%,41.83%,"218,188",1.36,3.64%,329.59 
qian牛仔裤女铅笔裤,662,0.05%,83.18%,61.99%,125,-,4.69%,0.19 
牛仔裤女修身显瘦铅笔裤,657,0.05%,75.16%,95.40%,"168,413",1.8,1.35%,256.34 
春秋弹力烟灰色牛仔裤女小脚裤显瘦新款修身铅笔裤紧身牛仔长裤子,647,0.05%,123.10%,52.42%,21,0,15.19%,0.03 
秋季新款明星同款破洞牛仔裤女九分裤黑色高腰弹力紧身小脚铅笔裤,642,0.05%,103.96%,15.84%,18,-,18.33%,0.03 
女士牛仔裤九分裤女 高腰 春秋 铅笔裤,642,0.05%,166.18%,7.35%,736,-,0.00%,1.15 
大码女小脚裤铅笔裤牛仔裤,642,0.05%,27.44%,90.08%,"57,508",0.96,0.00%,89.58 
牛仔裤 女 长裤 铅笔裤,642,0.05%,91.19%,98.51%,"306,507",1.58,0.00%,477.43 
牛仔裤女秋季2017新款高腰长裤紧身弹力显瘦小脚裤铅笔裤女裤裤子,633,0.05%,115.65%,6.91%,35,-,100.00%,0.06 
秋季新款韩版流苏磨白牛仔裤女九分裤学生修身显瘦弹力小脚铅笔裤,633,0.05%,111.22%,3.51%,44,-,23.64%,0.07 
黑色牛仔裤女高腰九分裤铅笔裤,628,0.05%,109.38%,91.56%,"65,336",-,70.00%,104.04 
白色牛仔裤女 铅笔裤 春秋,623,0.05%,102.44%,40.24%,"3,533",0,8.20%,5.67 
黑色牛仔裤女2017秋装新款韩国高腰学生显瘦长裤九分裤铅笔裤韩版,623,0.05%,103.33%,100.00%,1,-,86.08%,0.00 
黑色牛仔裤女长裤学生铅笔裤,623,0.05%,110.11%,66.11%,"26,966",0,31.82%,43.28 
牛仔裤女 九分裤 铅笔裤 秋季,613,0.05%,122.35%,51.44%,"54,964",-,3.77%,89.66 
破洞牛仔裤铅笔裤女,608,0.04%,132.84%,33.49%,"118,200",0.85,8.22%,194.41 
牛仔裤女高腰加绒长裤2017秋季新款韩版紧身小脚裤紧身弹力铅笔裤,608,0.04%,80.27%,59.78%,57,-,18.87%,0.09 
牛仔裤女高腰 铅笔裤 修身 学生,608,0.04%,83.69%,38.14%,"34,246",-,2.17%,56.33 
牛仔裤女小脚裤九分铅笔裤,598,0.04%,129.15%,86.87%,"186,945",0.91,37.84%,312.62 
秋装新款韩版高腰蓝色chic牛仔裤女紧身九分裤学生八分小脚铅笔裤,598,0.04%,114.98%,58.82%,23,0,14.29%,0.04 
小脚牛仔裤女 铅笔裤春秋,598,0.04%,137.41%,62.38%,"67,653",0.96,8.70%,113.13 
秋冬高腰仿牛仔裤女打底外穿长裤2017新款秋季加绒小脚铅笔裤,593,0.04%,76.66%,100.00%,1,-,88.31%,0.00 
黑牛仔裤女 铅笔裤,593,0.04%,137.94%,60.90%,"202,408",1.94,3.51%,341.33 
黑色牛仔裤女 长裤 铅笔裤,588,0.04%,161.43%,77.13%,"105,124",2.27,10.91%,178.78 
秋冬高腰仿牛仔裤女打底外穿长裤2017新款秋季韩版小脚铅笔裤,557,0.04%,70.19%,99.21%,1,-,88.57%,0.00 
黑色牛仔裤女九分裤高腰铅笔裤,557,0.04%,121.72%,58.75%,"65,336",-,81.08%,117.30 
牛仔裤女秋九分小脚铅笔裤,552,0.04%,205.69%,67.64%,"102,572",0,15.56%,185.82 
牛仔裤女长裤2017秋季新款潮铅笔裤松紧腰韩版宽松百搭高腰女裤子,552,0.04%,77.33%,7.85%,25,-,13.64%,0.05 
高腰弹力牛仔裤女九分裤秋冬装2017新款韩版显瘦小脚长裤铅笔裤,552,0.04%,121.48%,79.74%,36,-,38.00%,0.07 
秋季新款柔软牛仔裤女 刺绣长裤高腰显瘦学生百搭弹力 小脚铅笔裤,547,0.04%,222.37%,0.00%,0,-,0.00%,0.00 
黑色牛仔裤女九分裤小脚铅笔裤,547,0.04%,132.02%,99.25%,"76,250",-,87.50%,139.40 
韩版新款高腰牛仔裤女长裤子收腹胖mm弹力修身弹力大码小脚铅笔裤,547,0.04%,99.75%,12.47%,88,-,24.00%,0.16 
黑色牛仔裤女九分裤春夏季2017新款韩版裤子显瘦秋装小脚裤铅笔裤,542,0.04%,107.39%,69.18%,169,-,8.00%,0.31 
牛仔裤女 九分裤 铅笔裤 松紧腰,542,0.04%,88.36%,45.61%,"2,635",2.28,2.33%,4.86 
韩国韩版铅笔裤牛仔裤女,536,0.04%,300.00%,0.00%,"2,259",-,0.00%,4.21 
牛仔裤女弹力韩版小脚铅笔裤长裤子,531,0.04%,99.06%,97.62%,"21,742",-,4.65%,40.95 
牛仔裤女铅笔裤韩版 百搭新款,531,0.04%,111.04%,62.71%,"34,319",0,6.12%,64.63 
黑色牛仔裤女九分裤铅笔裤,526,0.04%,120.49%,62.68%,"86,106",0.97,94.20%,163.70 
高腰牛仔裤女小脚学生铅笔裤,526,0.04%,141.63%,93.69%,"69,297",-,88.57%,131.74 
韩版黑色牛仔裤女小脚裤高腰长裤紧身显瘦裤子超弹力修身铅笔裤,526,0.04%,102.47%,52.76%,61,-,13.21%,0.12 
chic高腰牛仔裤女秋装2017新款九分小脚裤学生显瘦韩版黑色铅笔裤,520,0.04%,63.13%,64.60%,18,-,11.76%,0.03 
铅笔裤女 牛仔裤,515,0.04%,152.63%,50.74%,"567,591",1.47,11.32%,1102.12 
牛仔裤女秋铅笔裤,515,0.04%,203.10%,67.64%,"345,469",4.03,13.33%,670.81 
牛仔裤 女长裤 铅笔裤,515,0.04%,170.64%,99.32%,"306,507",1.58,7.41%,595.16 
秋装217新款韩版百搭修身显瘦牛仔裤紧身长裤小脚裤学生铅笔裤女,515,0.04%,97.03%,17.62%,95,-,15.22%,0.18 
牛仔裤女加绒2017新款铅笔裤秋装修身小脚裤,510,0.04%,97.05%,80.57%,74,-,93.44%,0.15 
九分牛仔裤女春夏季2017新款韩版高腰显瘦弹力学生毛边小脚铅笔裤,510,0.04%,128.32%,3.81%,78,-,16.67%,0.15 
高腰牛仔裤女夏2017春秋装新款九分裤小脚铅笔裤,510,0.04%,174.21%,18.31%,35,-,97.06%,0.07 
cp @小旋风本人6868: 超低腰裤女 露臀牛仔裤女修身经典款小脚裤 紧身低腰露脐铅笔裤 /cp,504,0.03%,64.96%,17.11%,0,-,0.00%,0.00 
破洞牛仔裤女黑色九分裤韩版高腰弹力显瘦2017铅笔裤小脚秋装新款,499,0.03%,80.27%,44.13%,46,-,4.65%,0.09 
17年春新做旧破洞乞丐牛仔裤女九分韩国高腰显瘦毛边小脚铅笔裤,499,0.03%,191.57%,6.16%,44,0.95,5.56%,0.09 
高腰牛仔裤女2017秋季新款学生铅笔裤,499,0.03%,114.48%,85.69%,"8,402",-,87.72%,16.84 
高腰牛仔裤女9分小脚铅笔裤,499,0.03%,119.32%,95.95%,"3,931",-,7.89%,7.88 
高腰牛仔裤女秋装女2017新款韩版显瘦小脚铅笔裤长裤子,499,0.03%,213.06%,99.09%,"1,737",-,96.92%,3.48 
@练晴空:超低腰裤女 露臀牛仔裤女修身经典款小脚裤 紧身低腰露脐铅笔裤,493,0.03%,2.46%,33.33%,0,-,0.00%,0.00 
黑色牛仔裤女九分裤高腰小脚铅笔裤秋季新款紧身大码,493,0.03%,183.74%,85.70%,133,-,83.33%,0.27 
黑色牛仔小脚裤女高腰弹力牛仔裤女显瘦铅笔裤,493,0.03%,116.39%,70.55%,"76,095",-,79.37%,154.35 
牛仔裤女秋季2017新款高腰长裤铅笔裤女裤裤子,488,0.03%,101.95%,7.28%,"1,310",-,100.00%,2.68 
牛仔裤女高腰 长裤 铅笔裤,488,0.03%,154.43%,64.33%,"162,832",1.17,8.33%,333.67 
2017秋季新款黑色膝盖破洞牛仔裤女铅笔裤,488,0.03%,108.36%,44.21%,278,-,4.84%,0.57 
秋装新款韩版修身显瘦毛边高腰牛仔裤女百搭弹力小脚铅笔裤长裤潮,488,0.03%,89.68%,11.50%,97,-,10.20%,0.20 
牛仔裤 铅笔裤女,482,0.03%,181.63%,56.04%,"567,591",1.33,8.51%,1177.57 
两条 黑色牛仔裤女夏季2017新款破洞显瘦学生韩版秋装九分铅笔裤,477,0.03%,75.14%,65.47%,2,-,22.22%,0.00 
破洞牛仔裤女2017高腰显瘦铅笔裤,477,0.03%,108.46%,21.36%,"15,570",-,43.75%,32.64 
秋冬刺绣牛仔裤女小脚裤高腰弹力九分铅笔裤,471,0.03%,139.76%,82.55%,137,-,51.67%,0.29 
高腰紧身牛仔裤女显瘦铅笔裤,466,0.03%,136.29%,35.41%,"51,015",1.4,11.11%,109.47 
2017秋季新款深蓝色破洞牛仔裤女九分裤高腰弹力紧身小脚铅笔裤,466,0.03%,103.91%,8.65%,47,-,7.14%,0.10 
两条黑色牛仔裤女春秋装2017新款韩版显瘦破洞学生夏季九分铅笔裤,466,0.03%,84.94%,76.60%,2,-,41.30%,0.00 
高腰牛仔裤女九分铅笔裤,460,0.03%,207.40%,74.66%,"144,119",1.38,1.33%,313.30 
小脚牛仔裤女 铅笔裤 百搭,460,0.03%,65.38%,81.51%,"71,386",0,6.90%,155.19 
牛仔裤女夏2017春秋装新款九分裤小脚显瘦铅笔裤,460,0.03%,153.21%,17.03%,58,-,89.83%,0.13 
高腰黑色牛仔裤女长裤2017秋季新款学生铅笔裤,454,0.03%,121.37%,89.73%,"2,301",-,83.33%,5.07 
秋季新款棉弹牛仔裤女 膝盖破洞高腰百搭显瘦黑色学生 九分铅笔裤,454,0.03%,220.34%,0.00%,0,-,0.00%,0.00 
显瘦学生收腹长裤高腰牛仔裤女铅笔裤,454,0.03%,295.08%,0.00%,174,-,0.00%,0.38 
牛仔裤女秋季2017新款韩版学生铅笔裤大码,449,0.03%,121.88%,5.70%,476,-,88.14%,1.06 
牛仔裤女秋装2017夏季新款修身铅笔裤小脚,449,0.03%,191.10%,11.73%,155,-,92.59%,0.35 
松紧腰牛仔裤女长裤高腰显瘦2017新款韩版弹力大码小脚铅笔裤黑色,443,0.03%,127.35%,6.93%,8,-,65.45%,0.02 
高腰显瘦黑色牛仔裤女九分铅笔裤有加绒,443,0.03%,93.93%,99.44%,50,-,84.00%,0.11 
黑色牛仔裤女秋 铅笔裤毛边,443,0.03%,143.88%,35.89%,"8,968",-,5.56%,20.24 
高腰牛仔裤女2017新款韩版秋季装九分黑色学生铅笔裤,443,0.03%,196.84%,89.86%,35,-,90.57%,0.08 
黑色牛仔裤女2017秋装新款显瘦长裤九分裤铅笔裤韩版,443,0.03%,94.01%,23.77%,664,-,84.31%,1.50 
秋季高腰chic牛仔裤女九分裤蓝色修身韩版学生小脚ulzzang铅笔裤,443,0.03%,108.67%,2.39%,6,-,84.62%,0.01 
小脚牛仔裤女 铅笔裤 高腰 弹力,437,0.03%,59.15%,65.48%,"138,605",-,3.85%,317.17 
超低腰裤女 露臀牛仔裤女修身经典款小脚裤 紧身低腰露脐铅笔裤 /cp,437,0.03%,21.60%,62.96%,0,-,0.00%,0.00 
浅色九分裤牛仔裤女秋季韩版弹力铅笔裤修身显瘦小脚裤中腰破洞裤,431,0.03%,62.42%,0.00%,71,-,7.14%,0.16 
时尚牛仔裤女2017新款 韩版潮流 铅笔裤,431,0.03%,162.50%,6.84%,533,-,1.85%,1.24 
时尚牛仔裤女2017新款 韩版潮流 铅笔裤,431,0.03%,162.50%,6.84%,533,-,1.85%,1.24 
牛仔裤铅笔裤女春夏季2017新款,425,0.03%,105.56%,61.94%,"12,084",-,3.23%,28.43 
铅笔裤女 破洞牛仔裤女,425,0.03%,137.76%,56.93%,"127,594",-,10.34%,300.22 
牛仔裤女夏2017春秋装新款黑色小脚铅笔裤,419,0.03%,178.23%,8.27%,125,-,100.00%,0.30 
秋冬季白色高腰牛仔裤女小脚弹力铅笔裤,419,0.03%,88.87%,72.93%,81,-,87.50%,0.19 
小脚牛仔裤女 铅笔裤 深色,419,0.03%,123.50%,74.34%,"50,943",-,17.24%,121.58 
加绒牛仔裤女长裤高腰小脚铅笔裤,414,0.03%,72.73%,16.91%,"13,252",0,5.00%,32.01 
牛仔裤女秋装2017夏季新款修身小脚铅笔裤,414,0.03%,209.87%,16.77%,345,-,98.00%,0.83 
秋季新款高腰弹力紧身黑色牛仔裤女小脚毛边九分裤百搭显瘦铅笔裤,414,0.03%,114.10%,11.80%,34,-,19.44%,0.08 
牛仔裤女 铅笔裤 个性,408,0.03%,116.86%,44.92%,"9,891",0.76,0.00%,24.24 
牛仔裤女2017新款韩版秋装九分裤高腰显瘦弹力黑色铅笔裤小脚裤子,408,0.03%,80.75%,97.09%,89,-,85.71%,0.22 
黑色牛仔裤女2017秋装新款九分裤铅笔裤韩版,408,0.03%,60.00%,93.99%,"2,090",-,80.95%,5.12 
高腰黑色牛仔裤女2017秋季新款学生铅笔裤,402,0.03%,142.42%,85.60%,"3,897",-,91.84%,9.69 
小脚牛仔裤女 铅笔裤 薄款 显瘦,402,0.03%,56.30%,55.26%,"12,705",-,4.76%,31.60 
三排扣高腰牛仔裤女 铅笔裤,402,0.03%,185.45%,5.88%,640,-,9.30%,1.59 
韩版牛仔裤女九分裤小脚铅笔裤,402,0.03%,128.72%,18.33%,"109,744",-,3.03%,273.00 
显瘦bf风牛仔裤女小脚长裤弹力铅笔裤,402,0.03%,79.83%,0.00%,105,-,8.89%,0.26 
高腰bf风牛仔裤女小脚长裤弹力铅笔裤,396,0.03%,76.19%,2.68%,123,-,6.82%,0.31 
潮流牛仔裤女 韩版 个性 九分裤 小脚 显瘦 铅笔裤,389,0.02%,184.77%,0.72%,32,-,22.92%,0.08 
秋冬牛仔裤女 铅笔裤 韩版 破洞,389,0.02%,117.24%,34.80%,"2,485",-,0.00%,6.39 
黑色牛仔裤女九分裤紧身高腰小脚铅笔裤弹力,389,0.02%,78.45%,7.69%,"14,661",-,21.43%,37.69 
女童牛仔裤秋款长裤中大童铅笔裤公主屋2017童裤潮韩版儿童裤子女,389,0.02%,91.23%,48.08%,92,0.15,0.00%,0.24 
黑色牛仔裤女九分裤小脚铅笔裤高腰修身显瘦新款弹力紧身大码韩版,389,0.02%,116.67%,100.00%,3,-,97.62%,0.01 
破洞小脚裤铅笔裤长裤 牛仔裤女,389,0.02%,71.69%,93.28%,"34,355",-,5.26%,88.32 
牛仔裤女 九分裤 铅笔裤 个性,389,0.02%,117.42%,40.65%,"4,244",-,0.00%,10.91 
九分裤牛仔裤女 铅笔裤,389,0.02%,75.15%,75.81%,"218,188",1.25,0.00%,560.89 
高腰牛仔裤女长裤秋装2017新款韩版显瘦大码九分小脚裤弹力铅笔裤,383,0.02%,90.34%,75.57%,24,-,19.35%,0.06 
秋季黑色牛仔裤女高腰紧身九分铅笔裤韩版弹力显瘦黑学生小脚长裤,383,0.02%,82.22%,35.14%,157,-,17.14%,0.41 
松紧腰牛仔裤女2017秋装小脚铅笔裤,383,0.02%,105.30%,89.93%,891,-,92.68%,2.33 
高腰牛仔裤女韩版2017秋冬新款 铅笔裤,383,0.02%,182.35%,2.15%,"5,583",-,2.50%,14.58 
only牛仔裤女铅笔裤,377,0.02%,152.04%,2.35%,641,0,48.98%,1.70 
牛仔裤女秋季韩版显瘦大码弹力铅笔裤,377,0.02%,122.40%,20.69%,"2,959",-,97.67%,7.85 
高腰高弹牛仔裤女九分小脚铅笔裤,377,0.02%,91.40%,66.92%,"2,230",-,64.52%,5.92 
谜团破洞牛仔裤女秋装新款韩版高腰显瘦九分裤长裤紧身小脚铅笔裤,377,0.02%,66.94%,100.00%,1,-,23.81%,0.00 
2017铅笔裤牛仔裤加厚春季新款加绒长裤高腰女修身显瘦小脚,377,0.02%,126.09%,0.00%,1,-,0.00%,0.00 
女童牛仔裤长款紧身春款2017小脚裤秋天铅笔裤春秋百搭黑色儿童女,377,0.02%,61.67%,5.41%,43,-,19.23%,0.11 
烟灰色牛仔裤女长裤高腰小脚铅笔裤,377,0.02%,183.41%,97.58%,"4,113",-,86.05%,10.91 
高腰牛仔裤女九分裤春秋2017新款韩版显瘦黑色长裤紧身小脚铅笔裤,377,0.02%,106.10%,93.68%,122,-,75.61%,0.32 
高腰牛仔裤女九分小脚铅笔裤乞丐裤,371,0.02%,52.90%,80.82%,"3,975",-,6.25%,10.71 
修身刺绣牛仔裤女春秋2017新款韩版显瘦百搭九分裤学生小脚铅笔裤,371,0.02%,113.01%,1.08%,4,-,10.81%,0.01 
女小脚牛仔裤 铅笔裤,371,0.02%,164.82%,53.48%,"470,818",1.87,6.90%,1269.05 
牛仔裤女高腰 铅笔裤长裤,371,0.02%,84.55%,26.92%,"162,832",1.08,4.76%,438.90 
高腰显瘦牛仔裤女小脚长裤2017秋季新款韩版秋装铅笔裤百搭裤子夏,365,0.02%,76.82%,73.28%,41,-,25.81%,0.11 
钱夫人chinstudio紧身弹力白色高腰牛仔裤女修身显瘦小脚裤铅笔裤,365,0.02%,155.42%,0.00%,54,0,0.00%,0.15 
秋装新款韩版修身弹力显瘦学生小脚铅笔裤破洞毛边牛仔裤女九分裤,365,0.02%,98.34%,0.56%,85,-,24.24%,0.23 
chic风破洞牛仔裤女 铅笔裤 秋,365,0.02%,61.68%,89.39%,783,-,0.00%,2.15 
高腰牛仔裤女夏2017春秋装新款九分裤小脚显瘦铅笔裤,365,0.02%,160.54%,11.07%,31,-,95.12%,0.08 
黑色牛仔裤女2017新款高腰紧身小脚铅笔裤长裤,358,0.02%,204.21%,96.91%,"3,125",-,0.00%,8.73 
牛仔裤女2017新款高腰黑色小脚铅笔裤,358,0.02%,77.26%,93.04%,"38,758",-,64.52%,108.26 
海熙2017秋新款显瘦牛仔裤女韩版时尚修身铅笔裤弹力小脚牛仔裤女,358,0.02%,78.26%,83.33%,2,-,0.00%,0.01 
牛仔裤女夏2017春秋装九分裤铅笔裤,358,0.02%,184.13%,18.70%,189,-,86.67%,0.53 
黑色牛仔裤女秋季2017新款高腰紧身小脚铅笔裤学生,352,0.02%,223.53%,98.42%,523,-,0.00%,1.49 
牛仔裤女 九分裤 铅笔裤 深蓝色,352,0.02%,114.93%,41.56%,"29,377",-,3.70%,83.46 
黑色牛仔裤女新款韩版秋装长裤女高腰九分小脚裤修身毛边铅笔裤潮,352,0.02%,135.61%,87.71%,11,-,41.38%,0.03 
预售乐町2017秋装新款女修身牛仔裤铅笔裤chic风裤子高腰小脚裤女,352,0.02%,46.34%,84.21%,0,-,6.67%,0.00 
秋季时尚小脚铅笔裤女九分割烂磨破弹力修身显瘦牛仔裤潮,352,0.02%,143.83%,0.59%,1,-,64.29%,0.00 
黑色牛仔裤女秋新款高腰紧身小脚铅笔裤显瘦,352,0.02%,212.05%,100.00%,"4,401",-,0.00%,12.50 
高腰破洞牛仔裤女九分裤秋装新款韩版chic风紧身小脚裤长裤铅笔裤,346,0.02%,91.85%,56.45%,8,-,9.52%,0.02 
女九分牛仔裤 铅笔裤,346,0.02%,76.51%,51.97%,"218,188",1.36,0.00%,630.60 
秋季弹力牛仔裤女小脚打底铅笔裤,346,0.02%,110.56%,83.92%,"3,573",-,97.44%,10.33 
高腰显瘦黑色裤子女牛仔裤女夏紧身小脚裤2017新款韩版铅笔裤长裤,346,0.02%,127.80%,45.26%,151,-,12.12%,0.44 
秋季新款高腰黑色牛仔裤女长裤修紧身显瘦弹力排扣小脚铅笔裤大码,346,0.02%,69.81%,100.00%,0,-,2.86%,0.00 
牛仔裤女秋冬大码弹力紧身铅笔裤,346,0.02%,113.93%,20.78%,878,-,100.00%,2.54 
牛仔裤女夏2017新款韩版春秋装长裤显瘦九分裤百搭学生铅笔裤女裤,346,0.02%,51.28%,77.50%,20,0,10.00%,0.06 
高腰bf风牛仔裤女修身小脚长裤铅笔裤,339,0.02%,72.53%,1.52%,352,-,6.67%,1.04 
2017春秋季新款学生牛仔裤女长裤韩版小脚显瘦弹力修身铅笔裤夏,339,0.02%,68.50%,40.15%,66,-,18.52%,0.19 
弹力铅笔裤 牛仔裤女,339,0.02%,97.50%,0.00%,"265,461",1.56,0.00%,783.07 
2017秋季韩版chic紧身高腰小脚弹力牛仔裤女九分裤显瘦百搭铅笔裤,339,0.02%,173.12%,0.00%,16,-,12.00%,0.05 
小脚牛仔裤女铅笔裤,339,0.02%,177.78%,86.46%,"470,818",1.62,90.91%,1388.84 
韩国铅笔裤显瘦休闲牛仔裤女,339,0.02%,292.50%,0.00%,608,-,0.00%,1.79 
黑色牛仔裤女秋季2017新款高腰紧身小脚铅笔裤,339,0.02%,202.67%,100.00%,"3,637",-,0.00%,10.73 
高腰牛仔裤女长裤小脚铅笔裤秋,339,0.02%,116.67%,100.00%,"95,359",-,8.00%,281.29 
黑色牛仔裤女秋季新款高腰紧身小脚铅笔裤韩版,339,0.02%,208.86%,99.39%,"2,067",-,0.00%,6.10 
牛仔裤铅笔裤小脚裤女 春夏,339,0.02%,216.03%,14.65%,"37,089",0.47,5.56%,109.41 
松紧腰牛仔裤女2017秋装高腰铅笔裤,333,0.02%,105.65%,83.13%,752,-,83.78%,2.26 
高腰牛仔裤女长裤小脚裤秋冬季新款韩版黑灰色铅笔裤,333,0.02%,159.95%,55.30%,59,-,94.87%,0.18 
松紧腰牛仔裤女秋新款韩版chic风裤子高腰小脚长裤紧身九分铅笔裤,333,0.02%,100.43%,91.81%,4,-,82.35%,0.01 
牛仔裤女九分 铅笔裤,333,0.02%,153.05%,64.11%,"218,188",1.34,0.00%,655.22 
黑色牛仔裤女九分裤小脚铅笔裤高腰修身显瘦弹力大码新款韩版紧身,333,0.02%,91.25%,98.63%,3,-,100.00%,0.01 
女生蓝色牛仔裤女韩版学生显瘦 铅笔裤,326,0.02%,79.07%,2.94%,252,-,22.86%,0.77 
高腰牛仔裤女秋大码弹力紧身铅笔裤,326,0.02%,115.64%,23.38%,"2,598",-,94.44%,7.97 
黑色牛仔裤女弹力修身小脚裤铅笔裤,326,0.02%,174.55%,94.10%,"41,658",0,8.33%,127.79 
2017秋冬新款高腰破洞牛仔裤女韩版九分裤学生紧身显瘦小脚铅笔裤,326,0.02%,178.85%,0.40%,2,-,83.78%,0.01 
高腰牛仔裤女秋冬弹力紧身铅笔裤,326,0.02%,120.32%,22.96%,"3,808",-,91.89%,11.68 
主推爆款216秋季新款牛仔裤女个性装饰修身显瘦小脚铅笔裤清仓价,326,0.02%,197.37%,0.00%,0,-,0.00%,0.00 
黑色高腰牛仔裤女小脚长裤韩版显瘦铅笔裤,320,0.02%,178.18%,99.32%,"29,143",-,0.00%,91.07 
秋装高腰chic牛仔裤女九分裤紧身ulzzang显瘦复古八分小脚铅笔裤,320,0.02%,59.30%,80.39%,5,-,10.00%,0.02 
牛仔裤女新款韩版显瘦铅笔裤学生高腰长裤黑色紧身小脚裤,320,0.02%,169.86%,98.66%,837,-,80.65%,2.62 
秋款大码高腰牛仔裤女胖mm小脚裤弹力显瘦铅笔裤潮,320,0.02%,195.21%,0.00%,39,-,3.23%,0.12 
高腰加长牛仔裤女长裤小脚铅笔裤,320,0.02%,100.00%,96.51%,"2,127",-,12.50%,6.65 
秋冬高腰仿牛仔裤女打底外穿长裤2017新款秋季加绒铅笔裤,320,0.02%,83.14%,100.00%,1,-,86.11%,0.00 
秋装高腰牛仔裤女九分裤春秋2017新款韩版显瘦小脚铅笔裤百搭长裤,320,0.02%,94.86%,92.61%,15,-,83.33%,0.05 
高腰牛仔裤女黑色显瘦九分铅笔裤,320,0.02%,211.15%,94.17%,"45,700",-,91.43%,142.81 
2017秋季新款高腰排扣牛仔裤女身显瘦铅笔裤,320,0.02%,51.96%,8.22%,0,-,81.48%,0.00 
牛仔裤女弹力铅笔裤,313,0.02%,156.45%,90.10%,"265,461",1.62,70.59%,848.12 
高腰牛仔裤女小脚裤新款韩版百搭弹力学生黑灰色铅笔裤,313,0.02%,154.48%,66.02%,47,-,97.06%,0.15 
高腰牛仔裤女九分裤2017秋季新款韩版百搭显瘦铅笔裤长裤子,313,0.02%,111.82%,4.90%,48,-,57.14%,0.15 
小脚牛仔裤女 铅笔裤 秋季,313,0.02%,91.53%,69.94%,"114,591",-,7.41%,366.11 
牛仔裤女 九分裤 铅笔裤 黑色,306,0.02%,117.92%,63.20%,"86,106",0.7,5.00%,281.39 
加绒加厚牛仔裤女高腰铅笔裤绒裤,306,0.02%,219.12%,0.00%,191,-,100.00%,0.62 
加绒加厚牛仔裤女高腰铅笔裤绒裤,306,0.02%,219.12%,0.00%,191,-,100.00%,0.62 
牛仔裤女秋装2017新款紧身九分裤铅笔裤黑色小脚裤,306,0.02%,112.87%,0.88%,524,-,96.43%,1.71 
女 铅笔裤 牛仔裤 九分裤,306,0.02%,44.44%,78.33%,"218,188",1.25,16.67%,713.03 
牛仔裤女 高腰 铅笔裤,306,0.02%,217.13%,44.53%,"297,207",1.63,3.57%,971.26 
破洞牛仔裤女九分学生秋装小脚裤白色高腰铅笔裤,306,0.02%,108.40%,0.00%,14,-,94.12%,0.05 
牛仔裤铅笔裤女 学生,306,0.02%,244.68%,31.74%,"113,689",1.02,8.33%,371.53 
深蓝色高腰牛仔裤女紧身长裤显瘦修身弹力裤子学生弹性小脚铅笔裤,306,0.02%,106.10%,88.51%,90,-,4.76%,0.29 
牛仔裤女破洞铅笔裤,306,0.02%,128.41%,39.82%,"118,200",0.85,12.00%,386.27 
牛仔裤九分女铅笔裤小脚,300,0.02%,301.98%,0.00%,"186,945",1.14,96.77%,623.15 
cp @练晴空: 超低腰裤女 露臀牛仔裤女修身经典款小脚裤 紧身低腰露脐铅笔裤 /cp,300,0.02%,22.22%,100.00%,0,-,0.00%,0.00 
牛仔裤女春秋2017新款韩版高腰学生小脚长裤弹力紧身铅笔裤,300,0.02%,117.85%,15.38%,64,-,87.10%,0.21 
2017秋装新款韩版高腰弹力修身显瘦开叉铅笔裤小脚裤牛仔裤女长裤,300,0.02%,62.50%,2.50%,41,-,0.00%,0.14 
香莘料韩版牛仔裤女夏装新款铅笔裤长裤子修身显瘦潮学生弹力小脚,300,0.02%,50.60%,69.05%,12,-,0.00%,0.04 
烟灰色高腰牛仔裤女排扣韩版显瘦小脚长裤弹力修身大码收腹铅笔裤,300,0.02%,105.08%,10.22%,4,-,16.00%,0.01 
高腰显瘦黑色牛仔裤女小脚长裤2017秋季新款学生弹力铅笔裤,293,0.02%,107.94%,70.96%,403,-,77.42%,1.38 
牛仔裤女秋季2017新款铅笔裤,293,0.02%,87.13%,100.00%,"68,218",0.64,5.56%,232.83 
冬季高腰加绒牛仔裤女加厚带绒九分小脚裤黑色加大码秋铅笔裤长裤,293,0.02%,201.00%,100.00%,9,-,81.25%,0.03 
牛仔裤女加绒2017新款秋装修身铅笔裤,293,0.02%,91.39%,90.05%,325,-,80.00%,1.11 
弹力破洞铅笔裤bf风牛仔裤女修身,293,0.02%,112.35%,0.00%,61,-,3.13%,0.21 
2017秋冬高腰显瘦牛仔裤女紧身小脚裤长裤铅笔裤,293,0.02%,145.13%,95.12%,521,-,15.15%,1.78 
2017新款韩版高腰牛仔裤女九分裤铅笔裤,293,0.02%,200.45%,92.52%,"34,005",-,90.32%,116.06 
韩国秋冬韩版铅笔裤牛仔裤女,286,0.02%,205.88%,0.95%,246,-,3.13%,0.86 
高腰牛仔裤女九分小脚铅笔裤松紧腰,286,0.02%,106.31%,100.00%,"1,211",-,0.00%,4.23 
高腰显瘦黑色牛仔裤女弹力九分铅笔裤加绒,286,0.02%,114.69%,82.76%,196,-,96.15%,0.69 
2017韩版弹力修身显瘦牛仔裤女高腰小脚裤学生铅笔裤紧身长裤黑色,286,0.02%,50.00%,5.71%,147,0,8.33%,0.51 
2017新款女装 高腰牛仔裤 韩版 弹力小脚裤长裤女 铅笔裤女九分裤,286,0.02%,129.55%,0.58%,32,-,3.57%,0.11 
黑色牛仔裤女小脚学生铅笔裤,286,0.02%,170.64%,96.76%,"41,009",-,96.67%,143.39 
弹力修身显瘦小脚裤女高腰牛仔裤学生铅笔裤,286,0.02%,176.64%,0.00%,"15,352",-,84.38%,53.68 
bf风牛仔裤女韩版修身弹力铅笔裤,286,0.02%,92.86%,0.00%,137,-,3.13%,0.48 
黑色牛仔裤女九分裤显瘦韩版高腰长裤秋冬学生弹力紧身小脚铅笔裤,286,0.02%,99.49%,78.57%,47,-,80.65%,0.16 
2017新款黑色牛仔裤女九分裤显瘦小脚裤紧身高弹力瘦季腿秋铅笔裤,286,0.02%,114.06%,95.89%,0,-,90.32%,0.00 
高腰牛仔裤女长裤新款大码九分铅笔裤潮,279,0.02%,174.73%,1.89%,295,-,3.33%,1.06 
牛仔裤女秋装2017春夏季新款修身小脚裤铅笔裤,279,0.02%,247.48%,18.31%,104,-,90.00%,0.37 
牛仔裤女长裤小脚裤秋冬季学生韩版黑灰色铅笔裤,279,0.02%,162.46%,64.36%,29,-,82.76%,0.10 
弹力修身显瘦牛仔裤女小脚裤铅笔裤长裤直筒,279,0.02%,112.26%,85.71%,233,-,54.17%,0.84 
黑色牛仔裤女长裤2017新款学生铅笔裤,279,0.02%,68.82%,91.71%,"8,504",-,68.18%,30.48 
高腰牛仔裤女长裤加绒韩版大码铅笔裤,279,0.02%,90.43%,84.71%,656,-,41.67%,2.35 
韩版黑色高腰牛仔裤女春秋2017新款紧身显瘦长裤学生小脚铅笔裤潮,279,0.02%,55.66%,0.00%,11,-,9.52%,0.04 
牛仔裤女高腰秋季新款大码弹力铅笔裤,279,0.02%,101.08%,20.74%,"3,505",-,92.86%,12.56 
毛边牛仔长裤烟灰色高腰显瘦女黑色牛仔裤小脚铅笔裤,279,0.02%,165.00%,0.00%,94,-,3.45%,0.34 
女牛仔裤 长裤 铅笔裤,279,0.02%,97.35%,61.82%,"306,507",1.46,4.35%,1098.59 
牛仔裤女秋季2017新款高腰长裤紧身弹力铅笔裤女裤裤子,279,0.02%,92.44%,10.00%,42,-,100.00%,0.15 
白色高腰牛仔裤女小脚弹力铅笔裤,279,0.02%,59.00%,65.86%,"5,485",-,29.63%,19.66 
黑色高腰牛仔裤女九分裤小脚铅笔裤,279,0.02%,117.31%,25.90%,"58,482",-,92.86%,209.61 
春夏高腰破洞软妹牛仔裤女弹力九分裤秋装韩版显瘦小脚长裤铅笔裤,279,0.02%,76.04%,32.73%,0,-,19.23%,0.00 
2017新款高腰秋季牛仔裤女九分裤韩版修身铅笔裤黑色小脚长裤子秋,279,0.02%,84.62%,71.33%,66,-,46.15%,0.24 
加绒牛仔裤女铅笔裤,279,0.02%,119.05%,24.50%,"32,149",2.27,40.91%,115.23 
牛仔裤女长裤新款大码九分铅笔裤潮,272,0.02%,165.98%,6.83%,377,-,11.11%,1.39 
牛仔裤女大码弹力紧身铅笔裤,272,0.02%,82.44%,18.98%,"6,490",-,82.14%,23.86 
牛仔裤女高腰紧身大码弹力铅笔裤,272,0.02%,123.15%,25.20%,"4,449",-,100.00%,16.36 
女裤子2017新款夏韩版牛仔裤九分小脚松紧弹力高腰显瘦宽松铅笔裤,272,0.02%,109.15%,98.20%,1,-,89.66%,0.00 
韩版时尚高腰黑色牛仔裤女小脚长裤显瘦铅笔裤,272,0.02%,166.98%,95.48%,671,-,76.00%,2.47 
高腰牛仔裤女2017新款显瘦九分铅笔裤,265,0.02%,212.04%,95.63%,"33,707",-,96.15%,127.20 
秋季牛仔裤女2017新款九分裤韩版刺绣学生开叉高腰铅笔裤小脚裤子,265,0.02%,130.43%,95.28%,0,-,82.86%,0.00 
高腰牛仔裤女显瘦铅笔裤,265,0.02%,108.43%,74.80%,"201,746",0.47,67.86%,761.31 
秋冬韩版高腰紧身烟灰色牛仔裤女九分小脚铅笔裤学生显瘦黑色长裤,265,0.02%,156.44%,0.00%,3,-,92.59%,0.01 
破洞牛仔裤女九分裤新款韩版chic修身显瘦百搭高腰小脚铅笔裤学生,265,0.02%,161.17%,16.27%,67,-,14.29%,0.25 
高腰牛仔裤女长裤小脚裤显瘦修身韩版2017秋冬新款九分紧身铅笔裤,265,0.02%,237.96%,5.84%,11,-,89.29%,0.04 
牛仔裤女 九分裤 铅笔裤破洞,265,0.02%,184.15%,24.93%,"69,907",0.75,19.05%,263.80 
牛仔裤女九分小脚铅笔裤,265,0.02%,121.70%,100.00%,"186,945",1.14,0.00%,705.45 
秋季高腰牛仔裤女长裤2017新款韩版修身铅笔裤紧身小脚九分裤子女,265,0.02%,56.86%,89.66%,7,-,15.38%,0.03 
牛仔裤女长裤小脚铅笔裤,258,0.01%,114.40%,97.20%,"263,945",1.44,7.14%,1023.04 
牛仔裤女春秋韩版毛边学生小脚铅笔裤,258,0.01%,75.54%,6.47%,300,-,53.85%,1.16 
秋冬牛仔裤女小脚裤九分铅笔裤显瘦,258,0.01%,242.66%,89.63%,"7,484",-,68.00%,29.01 
bf风牛仔裤女小脚长裤弹力铅笔裤,258,0.01%,81.69%,1.72%,161,-,7.14%,0.62 
牛仔裤女修身显瘦弹力大码铅笔裤,258,0.01%,128.68%,61.14%,"13,800",-,0.00%,53.49 
高腰黑色紧身牛仔裤女长裤小脚铅笔裤春秋季2017新款韩版修身显瘦,258,0.01%,309.82%,99.14%,14,-,30.77%,0.05 
韩版女装包脚拉毛破洞水洗牛仔裤女修身显瘦紧身铅笔裤九分裤子潮,258,0.01%,238.10%,0.00%,127,-,10.53%,0.49 
高腰显瘦黑色牛仔裤女弹力九分铅笔裤有加绒,258,0.01%,128.99%,99.08%,27,-,92.59%,0.10 
七分牛仔裤女 简约铅笔裤,258,0.01%,35.71%,0.00%,41,-,0.00%,0.16 
牛仔裤女秋季2017新款学生九分裤铅笔裤大码,250,0.01%,110.50%,5.00%,195,-,96.55%,0.78 
秋季韩版原宿bf九分裤女学生mm牛仔裤女小脚铅笔裤女,250,0.01%,175.00%,100.00%,0,-,82.14%,0.00 
原宿bf风小脚牛仔裤女新款韩版修身显瘦高腰做旧九分裤铅笔裤学生,250,0.01%,93.39%,0.00%,21,-,26.67%,0.08 
chic牛仔裤女九分裤高腰修身弹力铅笔裤,250,0.01%,103.50%,20.56%,849,-,73.08%,3.40 
2017秋装韩版高腰弹力休闲九分裤牛仔裤女修身显瘦小脚铅笔裤学生,250,0.01%,111.40%,3.15%,22,-,31.25%,0.09 
牛仔裤女长裤学生弹力修身铅笔裤,250,0.01%,229.55%,0.50%,"18,152",-,96.00%,72.61 
2017秋季新款韩版复古做旧撕边牛仔裤女九分裤高腰弹力小脚铅笔裤,250,0.01%,181.82%,6.43%,52,-,5.88%,0.21 
秋装新款韩版chic复古破洞九分裤高腰显瘦小脚铅笔裤毛边牛仔裤女,250,0.01%,70.11%,1.64%,58,0,16.67%,0.23 
小脚牛仔裤女 百搭 修身 九分裤 铅笔裤,250,0.01%,67.74%,0.00%,"14,497",-,0.00%,57.99 
黑色牛仔裤女春夏2017新款韩版高腰长裤显瘦女裤子秋装小脚铅笔裤,250,0.01%,60.71%,86.27%,180,-,20.00%,0.72 
高腰牛仔裤女秋装2017春夏季新款修身小脚裤铅笔裤,250,0.01%,170.68%,18.06%,77,-,100.00%,0.31 
牛仔裤女春秋2017新款 铅笔裤,250,0.01%,179.55%,73.42%,"26,748",-,9.52%,106.99 
牛仔裤女秋冬加绒九分裤高腰铅笔裤小脚裤子,250,0.01%,60.38%,96.88%,140,-,81.48%,0.56 
高腰显瘦牛仔裤女弹力加绒加厚长裤冬新款韩牛仔蓝修身小脚铅笔裤,250,0.01%,136.58%,9.97%,15,-,25.00%,0.06 
2017秋季新款chic风裤子 高腰修身显瘦牛仔裤女七分铅笔裤喇叭裤,250,0.01%,152.50%,3.83%,37,-,16.67%,0.15 
秋季韩版百搭复古chic破洞牛仔裤修身显瘦弹力撕边小脚裤铅笔裤女,250,0.01%,73.91%,0.00%,20,-,5.88%,0.08 
牛仔裤 女铅笔裤,250,0.01%,102.80%,86.36%,"567,591",1.41,14.29%,2270.36 
牛仔裤女秋装2017新款紧身大码铅笔裤黑色小脚长裤,250,0.01%,141.73%,0.51%,52,-,81.82%,0.21 
白色牛仔裤女高腰九分裤小脚铅笔裤,250,0.01%,99.33%,83.89%,"3,867",-,12.00%,15.47 
大码牛仔裤女 铅笔裤,250,0.01%,131.91%,36.29%,"66,257",1.66,0.00%,265.03 
牛仔裤女九分铅笔裤,243,0.01%,190.91%,61.90%,"218,188",1.34,11.76%,897.89 
黑色牛仔裤女九分裤高腰小脚铅笔裤秋季大码,243,0.01%,98.20%,76.15%,608,-,64.00%,2.50 
弹力修身显瘦浅色牛仔裤女小脚裤女九分裤铅笔裤毛边夏九分牛仔裤,243,0.01%,69.77%,3.33%,13,-,5.00%,0.05 
牛仔裤女高腰 铅笔裤 秋季,243,0.01%,149.24%,62.44%,"77,458",-,4.76%,318.76 
秋装新款毛边卷边高腰破洞牛仔裤女显瘦九分裤学生小脚裤铅笔裤潮,243,0.01%,122.58%,1.32%,4,-,6.67%,0.02 
牛仔裤铅笔裤女春秋季2017新款,243,0.01%,151.47%,82.52%,"8,797",-,0.00%,36.20 
牛仔裤女2017秋装女裤深色高腰九分裤显瘦铅笔裤女,243,0.01%,83.21%,3.67%,101,-,92.31%,0.42 
秋季新款高腰牛仔裤女小脚黑色韩版修身显瘦铅笔裤弹力排扣长裤子,243,0.01%,68.42%,48.08%,12,-,6.67%,0.05 
牛仔裤女 铅笔裤 秋季,243,0.01%,123.30%,75.59%,"137,813",1.39,6.25%,567.13 
秋季高腰破洞牛仔裤女韩版新款九分裤紧身小脚裤翻边弹力铅笔裤秋,243,0.01%,146.46%,85.52%,16,-,65.22%,0.07 